Year_SP,Market Value
2008,1292.78
2009,935.9449999999999
2010,1135.68
2011,1277.77
2012,1382.9099999999999
2013,1646.49
2014,1933.875
2015,2076.78
